slug	title	heading	product	prompt	image_path
acrylic-paints-craft	AcrylicPaintsCraft - Premium Acrylic paints	Precision Meets Innovation	Acrylic paints	A clean premium product catalog photograph of Acrylic paints, the actual object clearly visible and centered, single item or small natural set, realistic materials and proportions, soft studio lighting, warm off-white craft-paper background, subtle shadow, no text, no logos, no watermark, square composition	projects/acrylic-paints-craft/image/item.png
address-labels-craft	AddressLabelsCraft - Premium Address labels	Precision Meets Innovation	Address labels	A clean premium product catalog photograph of Address labels, the actual object clearly visible and centered, single item or small natural set, realistic materials and proportions, soft studio lighting, warm off-white craft-paper background, subtle shadow, no text, no logos, no watermark, square composition	projects/address-labels-craft/image/item.png
art-aprons-craft	ArtApronsCraft - Premium Art aprons	Precision Meets Innovation	Art aprons	A clean premium product catalog photograph of Art aprons, the actual object clearly visible and centered, single item or small natural set, realistic materials and proportions, soft studio lighting, warm off-white craft-paper background, subtle shadow, no text, no logos, no watermark, square composition	projects/art-aprons-craft/image/item.png
art-markers-craft	ArtMarkersCraft - Premium Art markers	Precision Meets Innovation	Art markers	A clean premium product catalog photograph of Art markers, the actual object clearly visible and centered, single item or small natural set, realistic materials and proportions, soft studio lighting, warm off-white craft-paper background, subtle shadow, no text, no logos, no watermark, square composition	projects/art-markers-craft/image/item.png
attendance-registers-craft	AttendanceRegistersCraft - Premium Attendance registers	Precision Meets Innovation	Attendance registers	A clean premium product catalog photograph of Attendance registers, the actual object clearly visible and centered, single item or small natural set, realistic materials and proportions, soft studio lighting, warm off-white craft-paper background, subtle shadow, no text, no logos, no watermark, square composition	projects/attendance-registers-craft/image/item.png
ballpointcraft	BallpointCraft - Premium Ballpoint Pens	Everyday Writing, Meets Perfected	Ballpoint Pens	A clean premium product catalog photograph of Ballpoint Pens, the actual object clearly visible and centered, single item or small natural set, realistic materials and proportions, soft studio lighting, warm off-white craft-paper background, subtle shadow, no text, no logos, no watermark, square composition	projects/ballpointcraft/image/item.png
binder-clips-craft	BinderClipsCraft - Premium Binder clips	Precision Meets Innovation	Binder clips	A clean premium product catalog photograph of Binder clips, the actual object clearly visible and centered, single item or small natural set, realistic materials and proportions, soft studio lighting, warm off-white craft-paper background, subtle shadow, no text, no logos, no watermark, square composition	projects/binder-clips-craft/image/item.png
blank-paper-craft	BlankPaperCraft - Premium Blank paper	Precision Meets Innovation	Blank paper	A clean premium product catalog photograph of Blank paper, the actual object clearly visible and centered, single item or small natural set, realistic materials and proportions, soft studio lighting, warm off-white craft-paper background, subtle shadow, no text, no logos, no watermark, square composition	projects/blank-paper-craft/image/item.png
blending-stumps-craft	BlendingStumpsCraft - Premium Blending stumps	Precision Meets Innovation	Blending stumps	A clean premium product catalog photograph of Blending stumps, the actual object clearly visible and centered, single item or small natural set, realistic materials and proportions, soft studio lighting, warm off-white craft-paper background, subtle shadow, no text, no logos, no watermark, square composition	projects/blending-stumps-craft/image/item.png
bookends-craft	BookendsCraft - Premium Bookends	Precision Meets Innovation	Bookends	A clean premium product catalog photograph of Bookends, the actual object clearly visible and centered, single item or small natural set, realistic materials and proportions, soft studio lighting, warm off-white craft-paper background, subtle shadow, no text, no logos, no watermark, square composition	projects/bookends-craft/image/item.png
bookmarks-craft	BookmarksCraft - Premium Bookmarks	Precision Meets Innovation	Bookmarks	A clean premium product catalog photograph of Bookmarks, the actual object clearly visible and centered, single item or small natural set, realistic materials and proportions, soft studio lighting, warm off-white craft-paper background, subtle shadow, no text, no logos, no watermark, square composition	projects/bookmarks-craft/image/item.png
brushcraft	BrushCraft - Premium Brush Pens	Let Your Meets Line Move	Brush Pens	A clean premium product catalog photograph of Brush Pens, the actual object clearly visible and centered, single item or small natural set, realistic materials and proportions, soft studio lighting, warm off-white craft-paper background, subtle shadow, no text, no logos, no watermark, square composition	projects/brushcraft/image/item.png
bulldog-clips-craft	BulldogClipsCraft - Premium Bulldog clips	Precision Meets Innovation	Bulldog clips	A clean premium product catalog photograph of Bulldog clips, the actual object clearly visible and centered, single item or small natural set, realistic materials and proportions, soft studio lighting, warm off-white craft-paper background, subtle shadow, no text, no logos, no watermark, square composition	projects/bulldog-clips-craft/image/item.png
business-card-holders-craft	BusinessCardHoldersCraft - Premium Business card holders	Precision Meets Innovation	Business card holders	A clean premium product catalog photograph of Business card holders, the actual object clearly visible and centered, single item or small natural set, realistic materials and proportions, soft studio lighting, warm off-white craft-paper background, subtle shadow, no text, no logos, no watermark, square composition	projects/business-card-holders-craft/image/item.png
cable-organizers-craft	CableOrganizersCraft - Premium Cable organizers	Precision Meets Innovation	Cable organizers	A clean premium product catalog photograph of Cable organizers, the actual object clearly visible and centered, single item or small natural set, realistic materials and proportions, soft studio lighting, warm off-white craft-paper background, subtle shadow, no text, no logos, no watermark, square composition	projects/cable-organizers-craft/image/item.png
calendars-craft	CalendarsCraft - Premium Calendars	Precision Meets Innovation	Calendars	A clean premium product catalog photograph of Calendars, the actual object clearly visible and centered, single item or small natural set, realistic materials and proportions, soft studio lighting, warm off-white craft-paper background, subtle shadow, no text, no logos, no watermark, square composition	projects/calendars-craft/image/item.png
calligraphy-ink-craft	CalligraphyInkCraft - Premium Calligraphy ink	Precision Meets Innovation	Calligraphy ink	A clean premium product catalog photograph of Calligraphy ink, the actual object clearly visible and centered, single item or small natural set, realistic materials and proportions, soft studio lighting, warm off-white craft-paper background, subtle shadow, no text, no logos, no watermark, square composition	projects/calligraphy-ink-craft/image/item.png
calligraphy-sets-craft	CalligraphySetsCraft - Premium Calligraphy sets	Precision Meets Innovation	Calligraphy sets	A clean premium product catalog photograph of Calligraphy sets, the actual object clearly visible and centered, single item or small natural set, realistic materials and proportions, soft studio lighting, warm off-white craft-paper background, subtle shadow, no text, no logos, no watermark, square composition	projects/calligraphy-sets-craft/image/item.png
calligraphycraft	CalligraphyCraft - Premium Calligraphy Pens	Write With Meets Character	Calligraphy Pens	A clean premium product catalog photograph of Calligraphy Pens, the actual object clearly visible and centered, single item or small natural set, realistic materials and proportions, soft studio lighting, warm off-white craft-paper background, subtle shadow, no text, no logos, no watermark, square composition	projects/calligraphycraft/image/item.png
carbon-paper-craft	CarbonPaperCraft - Premium Carbon paper	Precision Meets Innovation	Carbon paper	A clean premium product catalog photograph of Carbon paper, the actual object clearly visible and centered, single item or small natural set, realistic materials and proportions, soft studio lighting, warm off-white craft-paper background, subtle shadow, no text, no logos, no watermark, square composition	projects/carbon-paper-craft/image/item.png
carpenter-pencils-craft	CarpenterPencilsCraft - Premium Carpenter pencils	Precision Meets Innovation	Carpenter pencils	A clean premium product catalog photograph of Carpenter pencils, the actual object clearly visible and centered, single item or small natural set, realistic materials and proportions, soft studio lighting, warm off-white craft-paper background, subtle shadow, no text, no logos, no watermark, square composition	projects/carpenter-pencils-craft/image/item.png
charcoal-pencils-craft	CharcoalPencilsCraft - Premium Charcoal pencils	Precision Meets Innovation	Charcoal pencils	A clean premium product catalog photograph of Charcoal pencils, the actual object clearly visible and centered, single item or small natural set, realistic materials and proportions, soft studio lighting, warm off-white craft-paper background, subtle shadow, no text, no logos, no watermark, square composition	projects/charcoal-pencils-craft/image/item.png
clear-tape-craft	ClearTapeCraft - Premium Clear tape	Precision Meets Innovation	Clear tape	A clean premium product catalog photograph of Clear tape, the actual object clearly visible and centered, single item or small natural set, realistic materials and proportions, soft studio lighting, warm off-white craft-paper background, subtle shadow, no text, no logos, no watermark, square composition	projects/clear-tape-craft/image/item.png
clipboards-craft	ClipboardsCraft - Premium Clipboards	Precision Meets Innovation	Clipboards	A clean premium product catalog photograph of Clipboards, the actual object clearly visible and centered, single item or small natural set, realistic materials and proportions, soft studio lighting, warm off-white craft-paper background, subtle shadow, no text, no logos, no watermark, square composition	projects/clipboards-craft/image/item.png
colored-paper-craft	ColoredPaperCraft - Premium Colored paper	Precision Meets Innovation	Colored paper	A clean premium product catalog photograph of Colored paper, the actual object clearly visible and centered, single item or small natural set, realistic materials and proportions, soft studio lighting, warm off-white craft-paper background, subtle shadow, no text, no logos, no watermark, square composition	projects/colored-paper-craft/image/item.png
colored-pencils-craft	ColoredPencilsCraft - Premium Colored pencils	Precision Meets Innovation	Colored pencils	A clean premium product catalog photograph of Colored pencils, the actual object clearly visible and centered, single item or small natural set, realistic materials and proportions, soft studio lighting, warm off-white craft-paper background, subtle shadow, no text, no logos, no watermark, square composition	projects/colored-pencils-craft/image/item.png
compasses-craft	CompassesCraft - Premium Compasses	Precision Meets Innovation	Compasses	A clean premium product catalog photograph of Compasses, the actual object clearly visible and centered, single item or small natural set, realistic materials and proportions, soft studio lighting, warm off-white craft-paper background, subtle shadow, no text, no logos, no watermark, square composition	projects/compasses-craft/image/item.png
copy-paper-craft	CopyPaperCraft - Premium Copy paper	Precision Meets Innovation	Copy paper	A clean premium product catalog photograph of Copy paper, the actual object clearly visible and centered, single item or small natural set, realistic materials and proportions, soft studio lighting, warm off-white craft-paper background, subtle shadow, no text, no logos, no watermark, square composition	projects/copy-paper-craft/image/item.png
correction-fluid-craft	CorrectionFluidCraft - Premium Correction fluid	Precision Meets Innovation	Correction fluid	A clean premium product catalog photograph of Correction fluid, the actual object clearly visible and centered, single item or small natural set, realistic materials and proportions, soft studio lighting, warm off-white craft-paper background, subtle shadow, no text, no logos, no watermark, square composition	projects/correction-fluid-craft/image/item.png
correction-pens-craft	CorrectionPensCraft - Premium Correction pens	Precision Meets Innovation	Correction pens	A clean premium product catalog photograph of Correction pens, the actual object clearly visible and centered, single item or small natural set, realistic materials and proportions, soft studio lighting, warm off-white craft-paper background, subtle shadow, no text, no logos, no watermark, square composition	projects/correction-pens-craft/image/item.png
correction-tape-craft	CorrectionTapeCraft - Premium Correction tape	Precision Meets Innovation	Correction tape	A clean premium product catalog photograph of Correction tape, the actual object clearly visible and centered, single item or small natural set, realistic materials and proportions, soft studio lighting, warm off-white craft-paper background, subtle shadow, no text, no logos, no watermark, square composition	projects/correction-tape-craft/image/item.png
craft-glue-craft	CraftGlueCraft - Premium Craft glue	Precision Meets Innovation	Craft glue	A clean premium product catalog photograph of Craft glue, the actual object clearly visible and centered, single item or small natural set, realistic materials and proportions, soft studio lighting, warm off-white craft-paper background, subtle shadow, no text, no logos, no watermark, square composition	projects/craft-glue-craft/image/item.png
craft-paper-craft	CraftPaperCraft - Premium Craft paper	Precision Meets Innovation	Craft paper	A clean premium product catalog photograph of Craft paper, the actual object clearly visible and centered, single item or small natural set, realistic materials and proportions, soft studio lighting, warm off-white craft-paper background, subtle shadow, no text, no logos, no watermark, square composition	projects/craft-paper-craft/image/item.png
craft-scissors-craft	CraftScissorsCraft - Premium Craft scissors	Precision Meets Innovation	Craft scissors	A clean premium product catalog photograph of Craft scissors, the actual object clearly visible and centered, single item or small natural set, realistic materials and proportions, soft studio lighting, warm off-white craft-paper background, subtle shadow, no text, no logos, no watermark, square composition	projects/craft-scissors-craft/image/item.png
crayons-craft	CrayonsCraft - Premium Crayons	Precision Meets Innovation	Crayons	A clean premium product catalog photograph of Crayons, the actual object clearly visible and centered, single item or small natural set, realistic materials and proportions, soft studio lighting, warm off-white craft-paper background, subtle shadow, no text, no logos, no watermark, square composition	projects/crayons-craft/image/item.png
desk-accessories-craft	DeskAccessoriesCraft - Premium Desk accessories	Precision Meets Innovation	Desk accessories	A clean premium product catalog photograph of Desk accessories, the actual object clearly visible and centered, single item or small natural set, realistic materials and proportions, soft studio lighting, warm off-white craft-paper background, subtle shadow, no text, no logos, no watermark, square composition	projects/desk-accessories-craft/image/item.png
desk-calendars-craft	DeskCalendarsCraft - Premium Desk calendars	Precision Meets Innovation	Desk calendars	A clean premium product catalog photograph of Desk calendars, the actual object clearly visible and centered, single item or small natural set, realistic materials and proportions, soft studio lighting, warm off-white craft-paper background, subtle shadow, no text, no logos, no watermark, square composition	projects/desk-calendars-craft/image/item.png
desk-gift-sets-craft	DeskGiftSetsCraft - Premium Desk gift sets	Precision Meets Innovation	Desk gift sets	A clean premium product catalog photograph of Desk gift sets, the actual object clearly visible and centered, single item or small natural set, realistic materials and proportions, soft studio lighting, warm off-white craft-paper background, subtle shadow, no text, no logos, no watermark, square composition	projects/desk-gift-sets-craft/image/item.png
desk-organizers-craft	DeskOrganizersCraft - Premium Desk organizers	Precision Meets Innovation	Desk organizers	A clean premium product catalog photograph of Desk organizers, the actual object clearly visible and centered, single item or small natural set, realistic materials and proportions, soft studio lighting, warm off-white craft-paper background, subtle shadow, no text, no logos, no watermark, square composition	projects/desk-organizers-craft/image/item.png
desk-pads-craft	DeskPadsCraft - Premium Desk pads	Precision Meets Innovation	Desk pads	A clean premium product catalog photograph of Desk pads, the actual object clearly visible and centered, single item or small natural set, realistic materials and proportions, soft studio lighting, warm off-white craft-paper background, subtle shadow, no text, no logos, no watermark, square composition	projects/desk-pads-craft/image/item.png
diaries-and-planners-craft	DiariesAndPlannersCraft - Premium Diaries and planners	Precision Meets Innovation	Diaries and planners	A clean premium product catalog photograph of Diaries and planners, the actual object clearly visible and centered, single item or small natural set, realistic materials and proportions, soft studio lighting, warm off-white craft-paper background, subtle shadow, no text, no logos, no watermark, square composition	projects/diaries-and-planners-craft/image/item.png
document-bags-craft	DocumentBagsCraft - Premium Document bags	Precision Meets Innovation	Document bags	A clean premium product catalog photograph of Document bags, the actual object clearly visible and centered, single item or small natural set, realistic materials and proportions, soft studio lighting, warm off-white craft-paper background, subtle shadow, no text, no logos, no watermark, square composition	projects/document-bags-craft/image/item.png
document-folders-craft	DocumentFoldersCraft - Premium Document folders	Precision Meets Innovation	Document folders	A clean premium product catalog photograph of Document folders, the actual object clearly visible and centered, single item or small natural set, realistic materials and proportions, soft studio lighting, warm off-white craft-paper background, subtle shadow, no text, no logos, no watermark, square composition	projects/document-folders-craft/image/item.png
document-wallets-craft	DocumentWalletsCraft - Premium Document wallets	Precision Meets Innovation	Document wallets	A clean premium product catalog photograph of Document wallets, the actual object clearly visible and centered, single item or small natural set, realistic materials and proportions, soft studio lighting, warm off-white craft-paper background, subtle shadow, no text, no logos, no watermark, square composition	projects/document-wallets-craft/image/item.png
double-sided-tape-craft	DoubleSidedTapeCraft - Premium Double-sided tape	Precision Meets Innovation	Double-sided tape	A clean premium product catalog photograph of Double-sided tape, the actual object clearly visible and centered, single item or small natural set, realistic materials and proportions, soft studio lighting, warm off-white craft-paper background, subtle shadow, no text, no logos, no watermark, square composition	projects/double-sided-tape-craft/image/item.png
drawing-charcoal-craft	DrawingCharcoalCraft - Premium Drawing charcoal	Precision Meets Innovation	Drawing charcoal	A clean premium product catalog photograph of Drawing charcoal, the actual object clearly visible and centered, single item or small natural set, realistic materials and proportions, soft studio lighting, warm off-white craft-paper background, subtle shadow, no text, no logos, no watermark, square composition	projects/drawing-charcoal-craft/image/item.png
drawing-ink-craft	DrawingInkCraft - Premium Drawing ink	Precision Meets Innovation	Drawing ink	A clean premium product catalog photograph of Drawing ink, the actual object clearly visible and centered, single item or small natural set, realistic materials and proportions, soft studio lighting, warm off-white craft-paper background, subtle shadow, no text, no logos, no watermark, square composition	projects/drawing-ink-craft/image/item.png
drawing-pads-craft	DrawingPadsCraft - Premium Drawing pads	Precision Meets Innovation	Drawing pads	A clean premium product catalog photograph of Drawing pads, the actual object clearly visible and centered, single item or small natural set, realistic materials and proportions, soft studio lighting, warm off-white craft-paper background, subtle shadow, no text, no logos, no watermark, square composition	projects/drawing-pads-craft/image/item.png
envelopes-craft	EnvelopesCraft - Premium Envelopes	Precision Meets Innovation	Envelopes	A clean premium product catalog photograph of Envelopes, the actual object clearly visible and centered, single item or small natural set, realistic materials and proportions, soft studio lighting, warm off-white craft-paper background, subtle shadow, no text, no logos, no watermark, square composition	projects/envelopes-craft/image/item.png
erasers-craft	ErasersCraft - Premium Erasers	Precision Meets Innovation	Erasers	A clean premium product catalog photograph of Erasers, the actual object clearly visible and centered, single item or small natural set, realistic materials and proportions, soft studio lighting, warm off-white craft-paper background, subtle shadow, no text, no logos, no watermark, square composition	projects/erasers-craft/image/item.png
executive-notebooks-craft	ExecutiveNotebooksCraft - Premium Executive notebooks	Precision Meets Innovation	Executive notebooks	A clean premium product catalog photograph of Executive notebooks, the actual object clearly visible and centered, single item or small natural set, realistic materials and proportions, soft studio lighting, warm off-white craft-paper background, subtle shadow, no text, no logos, no watermark, square composition	projects/executive-notebooks-craft/image/item.png
expanding-files-craft	ExpandingFilesCraft - Premium Expanding files	Precision Meets Innovation	Expanding files	A clean premium product catalog photograph of Expanding files, the actual object clearly visible and centered, single item or small natural set, realistic materials and proportions, soft studio lighting, warm off-white craft-paper background, subtle shadow, no text, no logos, no watermark, square composition	projects/expanding-files-craft/image/item.png
file-labels-craft	FileLabelsCraft - Premium File labels	Precision Meets Innovation	File labels	A clean premium product catalog photograph of File labels, the actual object clearly visible and centered, single item or small natural set, realistic materials and proportions, soft studio lighting, warm off-white craft-paper background, subtle shadow, no text, no logos, no watermark, square composition	projects/file-labels-craft/image/item.png
files-craft	FilesCraft - Premium Files	Precision Meets Innovation	Files	A clean premium product catalog photograph of Files, the actual object clearly visible and centered, single item or small natural set, realistic materials and proportions, soft studio lighting, warm off-white craft-paper background, subtle shadow, no text, no logos, no watermark, square composition	projects/files-craft/image/item.png
finelinercraft	FinelinerCraft - Premium Fineliner Pens	Precision In Meets Every Line	Fineliner Pens	A clean premium product catalog photograph of Fineliner Pens, the actual object clearly visible and centered, single item or small natural set, realistic materials and proportions, soft studio lighting, warm off-white craft-paper background, subtle shadow, no text, no logos, no watermark, square composition	projects/finelinercraft/image/item.png
flashcards-craft	FlashcardsCraft - Premium Flashcards	Precision Meets Innovation	Flashcards	A clean premium product catalog photograph of Flashcards, the actual object clearly visible and centered, single item or small natural set, realistic materials and proportions, soft studio lighting, warm off-white craft-paper background, subtle shadow, no text, no logos, no watermark, square composition	projects/flashcards-craft/image/item.png
flexible-rulers-craft	FlexibleRulersCraft - Premium Flexible rulers	Precision Meets Innovation	Flexible rulers	A clean premium product catalog photograph of Flexible rulers, the actual object clearly visible and centered, single item or small natural set, realistic materials and proportions, soft studio lighting, warm off-white craft-paper background, subtle shadow, no text, no logos, no watermark, square composition	projects/flexible-rulers-craft/image/item.png
folders-craft	FoldersCraft - Premium Folders	Precision Meets Innovation	Folders	A clean premium product catalog photograph of Folders, the actual object clearly visible and centered, single item or small natural set, realistic materials and proportions, soft studio lighting, warm off-white craft-paper background, subtle shadow, no text, no logos, no watermark, square composition	projects/folders-craft/image/item.png
fountain-pen-ink-craft	FountainPenInkCraft - Premium Fountain pen ink	Precision Meets Innovation	Fountain pen ink	A clean premium product catalog photograph of Fountain pen ink, the actual object clearly visible and centered, single item or small natural set, realistic materials and proportions, soft studio lighting, warm off-white craft-paper background, subtle shadow, no text, no logos, no watermark, square composition	projects/fountain-pen-ink-craft/image/item.png
fountaincraft	FountainCraft - Premium Fountain Pens	Make Every Meets Mark Matter	Fountain Pens	A clean premium product catalog photograph of Fountain Pens, the actual object clearly visible and centered, single item or small natural set, realistic materials and proportions, soft studio lighting, warm off-white craft-paper background, subtle shadow, no text, no logos, no watermark, square composition	projects/fountaincraft/image/item.png
gelcraft	GelCraft - Premium Gel Pens	Color Your Meets Ideas	Gel Pens	A clean premium product catalog photograph of Gel Pens, the actual object clearly visible and centered, single item or small natural set, realistic materials and proportions, soft studio lighting, warm off-white craft-paper background, subtle shadow, no text, no logos, no watermark, square composition	projects/gelcraft/image/item.png
geometry-sets-craft	GeometrySetsCraft - Premium Geometry sets	Precision Meets Innovation	Geometry sets	A clean premium product catalog photograph of Geometry sets, the actual object clearly visible and centered, single item or small natural set, realistic materials and proportions, soft studio lighting, warm off-white craft-paper background, subtle shadow, no text, no logos, no watermark, square composition	projects/geometry-sets-craft/image/item.png
gift-pens-craft	GiftPensCraft - Premium Gift pens	Precision Meets Innovation	Gift pens	A clean premium product catalog photograph of Gift pens, the actual object clearly visible and centered, single item or small natural set, realistic materials and proportions, soft studio lighting, warm off-white craft-paper background, subtle shadow, no text, no logos, no watermark, square composition	projects/gift-pens-craft/image/item.png
gift-tags-craft	GiftTagsCraft - Premium Gift tags	Precision Meets Innovation	Gift tags	A clean premium product catalog photograph of Gift tags, the actual object clearly visible and centered, single item or small natural set, realistic materials and proportions, soft studio lighting, warm off-white craft-paper background, subtle shadow, no text, no logos, no watermark, square composition	projects/gift-tags-craft/image/item.png
glitter-craft	GlitterCraft - Premium Glitter	Precision Meets Innovation	Glitter	A clean premium product catalog photograph of Glitter, the actual object clearly visible and centered, single item or small natural set, realistic materials and proportions, soft studio lighting, warm off-white craft-paper background, subtle shadow, no text, no logos, no watermark, square composition	projects/glitter-craft/image/item.png
glue-sticks-craft	GlueSticksCraft - Premium Glue sticks	Precision Meets Innovation	Glue sticks	A clean premium product catalog photograph of Glue sticks, the actual object clearly visible and centered, single item or small natural set, realistic materials and proportions, soft studio lighting, warm off-white craft-paper background, subtle shadow, no text, no logos, no watermark, square composition	projects/glue-sticks-craft/image/item.png
graph-paper-craft	GraphPaperCraft - Premium Graph paper	Precision Meets Innovation	Graph paper	A clean premium product catalog photograph of Graph paper, the actual object clearly visible and centered, single item or small natural set, realistic materials and proportions, soft studio lighting, warm off-white craft-paper background, subtle shadow, no text, no logos, no watermark, square composition	projects/graph-paper-craft/image/item.png
graphite-pencils-craft	GraphitePencilsCraft - Premium Graphite pencils	Precision Meets Innovation	Graphite pencils	A clean premium product catalog photograph of Graphite pencils, the actual object clearly visible and centered, single item or small natural set, realistic materials and proportions, soft studio lighting, warm off-white craft-paper background, subtle shadow, no text, no logos, no watermark, square composition	projects/graphite-pencils-craft/image/item.png
greeting-cards-craft	GreetingCardsCraft - Premium Greeting cards	Precision Meets Innovation	Greeting cards	A clean premium product catalog photograph of Greeting cards, the actual object clearly visible and centered, single item or small natural set, realistic materials and proportions, soft studio lighting, warm off-white craft-paper background, subtle shadow, no text, no logos, no watermark, square composition	projects/greeting-cards-craft/image/item.png
hardcover-notebooks-craft	HardcoverNotebooksCraft - Premium Hardcover notebooks	Precision Meets Innovation	Hardcover notebooks	A clean premium product catalog photograph of Hardcover notebooks, the actual object clearly visible and centered, single item or small natural set, realistic materials and proportions, soft studio lighting, warm off-white craft-paper background, subtle shadow, no text, no logos, no watermark, square composition	projects/hardcover-notebooks-craft/image/item.png
highlightercraft	HighlighterCraft - Premium Highlighters	See What Meets Matters	Highlighters	A clean premium product catalog photograph of Highlighters, the actual object clearly visible and centered, single item or small natural set, realistic materials and proportions, soft studio lighting, warm off-white craft-paper background, subtle shadow, no text, no logos, no watermark, square composition	projects/highlightercraft/image/item.png
hole-punches-craft	HolePunchesCraft - Premium Hole punches	Precision Meets Innovation	Hole punches	A clean premium product catalog photograph of Hole punches, the actual object clearly visible and centered, single item or small natural set, realistic materials and proportions, soft studio lighting, warm off-white craft-paper background, subtle shadow, no text, no logos, no watermark, square composition	projects/hole-punches-craft/image/item.png
index-cards-craft	IndexCardsCraft - Premium Index cards	Precision Meets Innovation	Index cards	A clean premium product catalog photograph of Index cards, the actual object clearly visible and centered, single item or small natural set, realistic materials and proportions, soft studio lighting, warm off-white craft-paper background, subtle shadow, no text, no logos, no watermark, square composition	projects/index-cards-craft/image/item.png
index-dividers-craft	IndexDividersCraft - Premium Index dividers	Precision Meets Innovation	Index dividers	A clean premium product catalog photograph of Index dividers, the actual object clearly visible and centered, single item or small natural set, realistic materials and proportions, soft studio lighting, warm off-white craft-paper background, subtle shadow, no text, no logos, no watermark, square composition	projects/index-dividers-craft/image/item.png
ink-blotting-paper-craft	InkBlottingPaperCraft - Premium Ink blotting paper	Precision Meets Innovation	Ink blotting paper	A clean premium product catalog photograph of Ink blotting paper, the actual object clearly visible and centered, single item or small natural set, realistic materials and proportions, soft studio lighting, warm off-white craft-paper background, subtle shadow, no text, no logos, no watermark, square composition	projects/ink-blotting-paper-craft/image/item.png
ink-cartridges-craft	InkCartridgesCraft - Premium Ink cartridges	Precision Meets Innovation	Ink cartridges	A clean premium product catalog photograph of Ink cartridges, the actual object clearly visible and centered, single item or small natural set, realistic materials and proportions, soft studio lighting, warm off-white craft-paper background, subtle shadow, no text, no logos, no watermark, square composition	projects/ink-cartridges-craft/image/item.png
invitation-cards-craft	InvitationCardsCraft - Premium Invitation cards	Precision Meets Innovation	Invitation cards	A clean premium product catalog photograph of Invitation cards, the actual object clearly visible and centered, single item or small natural set, realistic materials and proportions, soft studio lighting, warm off-white craft-paper background, subtle shadow, no text, no logos, no watermark, square composition	projects/invitation-cards-craft/image/item.png
invoice-books-craft	InvoiceBooksCraft - Premium Invoice books	Precision Meets Innovation	Invoice books	A clean premium product catalog photograph of Invoice books, the actual object clearly visible and centered, single item or small natural set, realistic materials and proportions, soft studio lighting, warm off-white craft-paper background, subtle shadow, no text, no logos, no watermark, square composition	projects/invoice-books-craft/image/item.png
journals-craft	JournalsCraft - Premium Journals	Precision Meets Innovation	Journals	A clean premium product catalog photograph of Journals, the actual object clearly visible and centered, single item or small natural set, realistic materials and proportions, soft studio lighting, warm off-white craft-paper background, subtle shadow, no text, no logos, no watermark, square composition	projects/journals-craft/image/item.png
leather-journals-craft	LeatherJournalsCraft - Premium Leather journals	Precision Meets Innovation	Leather journals	A clean premium product catalog photograph of Leather journals, the actual object clearly visible and centered, single item or small natural set, realistic materials and proportions, soft studio lighting, warm off-white craft-paper background, subtle shadow, no text, no logos, no watermark, square composition	projects/leather-journals-craft/image/item.png
legal-pads-craft	LegalPadsCraft - Premium Legal pads	Precision Meets Innovation	Legal pads	A clean premium product catalog photograph of Legal pads, the actual object clearly visible and centered, single item or small natural set, realistic materials and proportions, soft studio lighting, warm off-white craft-paper background, subtle shadow, no text, no logos, no watermark, square composition	projects/legal-pads-craft/image/item.png
letter-trays-craft	LetterTraysCraft - Premium Letter trays	Precision Meets Innovation	Letter trays	A clean premium product catalog photograph of Letter trays, the actual object clearly visible and centered, single item or small natural set, realistic materials and proportions, soft studio lighting, warm off-white craft-paper background, subtle shadow, no text, no logos, no watermark, square composition	projects/letter-trays-craft/image/item.png
letter-writing-sets-craft	LetterWritingSetsCraft - Premium Letter-writing sets	Precision Meets Innovation	Letter-writing sets	A clean premium product catalog photograph of Letter-writing sets, the actual object clearly visible and centered, single item or small natural set, realistic materials and proportions, soft studio lighting, warm off-white craft-paper background, subtle shadow, no text, no logos, no watermark, square composition	projects/letter-writing-sets-craft/image/item.png
letterheads-craft	LetterheadsCraft - Premium Letterheads	Precision Meets Innovation	Letterheads	A clean premium product catalog photograph of Letterheads, the actual object clearly visible and centered, single item or small natural set, realistic materials and proportions, soft studio lighting, warm off-white craft-paper background, subtle shadow, no text, no logos, no watermark, square composition	projects/letterheads-craft/image/item.png
lever-arch-files-craft	LeverArchFilesCraft - Premium Lever-arch files	Precision Meets Innovation	Lever-arch files	A clean premium product catalog photograph of Lever-arch files, the actual object clearly visible and centered, single item or small natural set, realistic materials and proportions, soft studio lighting, warm off-white craft-paper background, subtle shadow, no text, no logos, no watermark, square composition	projects/lever-arch-files-craft/image/item.png
lined-paper-craft	LinedPaperCraft - Premium Lined paper	Precision Meets Innovation	Lined paper	A clean premium product catalog photograph of Lined paper, the actual object clearly visible and centered, single item or small natural set, realistic materials and proportions, soft studio lighting, warm off-white craft-paper background, subtle shadow, no text, no logos, no watermark, square composition	projects/lined-paper-craft/image/item.png
liquid-glue-craft	LiquidGlueCraft - Premium Liquid glue	Precision Meets Innovation	Liquid glue	A clean premium product catalog photograph of Liquid glue, the actual object clearly visible and centered, single item or small natural set, realistic materials and proportions, soft studio lighting, warm off-white craft-paper background, subtle shadow, no text, no logos, no watermark, square composition	projects/liquid-glue-craft/image/item.png
logbooks-craft	LogbooksCraft - Premium Logbooks	Precision Meets Innovation	Logbooks	A clean premium product catalog photograph of Logbooks, the actual object clearly visible and centered, single item or small natural set, realistic materials and proportions, soft studio lighting, warm off-white craft-paper background, subtle shadow, no text, no logos, no watermark, square composition	projects/logbooks-craft/image/item.png
lunch-boxes-craft	LunchBoxesCraft - Premium Lunch boxes	Precision Meets Innovation	Lunch boxes	A clean premium product catalog photograph of Lunch boxes, the actual object clearly visible and centered, single item or small natural set, realistic materials and proportions, soft studio lighting, warm off-white craft-paper background, subtle shadow, no text, no logos, no watermark, square composition	projects/lunch-boxes-craft/image/item.png
magazine-holders-craft	MagazineHoldersCraft - Premium Magazine holders	Precision Meets Innovation	Magazine holders	A clean premium product catalog photograph of Magazine holders, the actual object clearly visible and centered, single item or small natural set, realistic materials and proportions, soft studio lighting, warm off-white craft-paper background, subtle shadow, no text, no logos, no watermark, square composition	projects/magazine-holders-craft/image/item.png
mailing-labels-craft	MailingLabelsCraft - Premium Mailing labels	Precision Meets Innovation	Mailing labels	A clean premium product catalog photograph of Mailing labels, the actual object clearly visible and centered, single item or small natural set, realistic materials and proportions, soft studio lighting, warm off-white craft-paper background, subtle shadow, no text, no logos, no watermark, square composition	projects/mailing-labels-craft/image/item.png
markercraft	MarkerCraft - Premium Marker Pens	Make Your Mark, Meets Boldly	Marker Pens	A clean premium product catalog photograph of Marker Pens, the actual object clearly visible and centered, single item or small natural set, realistic materials and proportions, soft studio lighting, warm off-white craft-paper background, subtle shadow, no text, no logos, no watermark, square composition	projects/markercraft/image/item.png
masking-tape-craft	MaskingTapeCraft - Premium Masking tape	Precision Meets Innovation	Masking tape	A clean premium product catalog photograph of Masking tape, the actual object clearly visible and centered, single item or small natural set, realistic materials and proportions, soft studio lighting, warm off-white craft-paper background, subtle shadow, no text, no logos, no watermark, square composition	projects/masking-tape-craft/image/item.png
measuring-tapes-craft	MeasuringTapesCraft - Premium Measuring tapes	Precision Meets Innovation	Measuring tapes	A clean premium product catalog photograph of Measuring tapes, the actual object clearly visible and centered, single item or small natural set, realistic materials and proportions, soft studio lighting, warm off-white craft-paper background, subtle shadow, no text, no logos, no watermark, square composition	projects/measuring-tapes-craft/image/item.png
mechanical-pencils-craft	MechanicalPencilsCraft - Premium Mechanical pencils	Precision Meets Innovation	Mechanical pencils	A clean premium product catalog photograph of Mechanical pencils, the actual object clearly visible and centered, single item or small natural set, realistic materials and proportions, soft studio lighting, warm off-white craft-paper background, subtle shadow, no text, no logos, no watermark, square composition	projects/mechanical-pencils-craft/image/item.png
memo-pads-craft	MemoPadsCraft - Premium Memo pads	Precision Meets Innovation	Memo pads	A clean premium product catalog photograph of Memo pads, the actual object clearly visible and centered, single item or small natural set, realistic materials and proportions, soft studio lighting, warm off-white craft-paper background, subtle shadow, no text, no logos, no watermark, square composition	projects/memo-pads-craft/image/item.png
modeling-clay-craft	ModelingClayCraft - Premium Modeling clay	Precision Meets Innovation	Modeling clay	A clean premium product catalog photograph of Modeling clay, the actual object clearly visible and centered, single item or small natural set, realistic materials and proportions, soft studio lighting, warm off-white craft-paper background, subtle shadow, no text, no logos, no watermark, square composition	projects/modeling-clay-craft/image/item.png
mouse-pads-craft	MousePadsCraft - Premium Mouse pads	Precision Meets Innovation	Mouse pads	A clean premium product catalog photograph of Mouse pads, the actual object clearly visible and centered, single item or small natural set, realistic materials and proportions, soft studio lighting, warm off-white craft-paper background, subtle shadow, no text, no logos, no watermark, square composition	projects/mouse-pads-craft/image/item.png
nameplates-craft	NameplatesCraft - Premium Nameplates	Precision Meets Innovation	Nameplates	A clean premium product catalog photograph of Nameplates, the actual object clearly visible and centered, single item or small natural set, realistic materials and proportions, soft studio lighting, warm off-white craft-paper background, subtle shadow, no text, no logos, no watermark, square composition	projects/nameplates-craft/image/item.png
notebooks-craft	NotebooksCraft - Premium Notebooks	Precision Meets Innovation	Notebooks	A clean premium product catalog photograph of Notebooks, the actual object clearly visible and centered, single item or small natural set, realistic materials and proportions, soft studio lighting, warm off-white craft-paper background, subtle shadow, no text, no logos, no watermark, square composition	projects/notebooks-craft/image/item.png
notepads-craft	NotepadsCraft - Premium Notepads	Precision Meets Innovation	Notepads	A clean premium product catalog photograph of Notepads, the actual object clearly visible and centered, single item or small natural set, realistic materials and proportions, soft studio lighting, warm off-white craft-paper background, subtle shadow, no text, no logos, no watermark, square composition	projects/notepads-craft/image/item.png
oil-paints-craft	OilPaintsCraft - Premium Oil paints	Precision Meets Innovation	Oil paints	A clean premium product catalog photograph of Oil paints, the actual object clearly visible and centered, single item or small natural set, realistic materials and proportions, soft studio lighting, warm off-white craft-paper background, subtle shadow, no text, no logos, no watermark, square composition	projects/oil-paints-craft/image/item.png
oil-pastels-craft	OilPastelsCraft - Premium Oil pastels	Precision Meets Innovation	Oil pastels	A clean premium product catalog photograph of Oil pastels, the actual object clearly visible and centered, single item or small natural set, realistic materials and proportions, soft studio lighting, warm off-white craft-paper background, subtle shadow, no text, no logos, no watermark, square composition	projects/oil-pastels-craft/image/item.png
order-books-craft	OrderBooksCraft - Premium Order books	Precision Meets Innovation	Order books	A clean premium product catalog photograph of Order books, the actual object clearly visible and centered, single item or small natural set, realistic materials and proportions, soft studio lighting, warm off-white craft-paper background, subtle shadow, no text, no logos, no watermark, square composition	projects/order-books-craft/image/item.png
packing-envelopes-craft	PackingEnvelopesCraft - Premium Packing envelopes	Precision Meets Innovation	Packing envelopes	A clean premium product catalog photograph of Packing envelopes, the actual object clearly visible and centered, single item or small natural set, realistic materials and proportions, soft studio lighting, warm off-white craft-paper background, subtle shadow, no text, no logos, no watermark, square composition	projects/packing-envelopes-craft/image/item.png
packing-tape-craft	PackingTapeCraft - Premium Packing tape	Precision Meets Innovation	Packing tape	A clean premium product catalog photograph of Packing tape, the actual object clearly visible and centered, single item or small natural set, realistic materials and proportions, soft studio lighting, warm off-white craft-paper background, subtle shadow, no text, no logos, no watermark, square composition	projects/packing-tape-craft/image/item.png
paintbrushes-craft	PaintbrushesCraft - Premium Paintbrushes	Precision Meets Innovation	Paintbrushes	A clean premium product catalog photograph of Paintbrushes, the actual object clearly visible and centered, single item or small natural set, realistic materials and proportions, soft studio lighting, warm off-white craft-paper background, subtle shadow, no text, no logos, no watermark, square composition	projects/paintbrushes-craft/image/item.png
palettes-craft	PalettesCraft - Premium Palettes	Precision Meets Innovation	Palettes	A clean premium product catalog photograph of Palettes, the actual object clearly visible and centered, single item or small natural set, realistic materials and proportions, soft studio lighting, warm off-white craft-paper background, subtle shadow, no text, no logos, no watermark, square composition	projects/palettes-craft/image/item.png
paper-clips-craft	PaperClipsCraft - Premium Paper clips	Precision Meets Innovation	Paper clips	A clean premium product catalog photograph of Paper clips, the actual object clearly visible and centered, single item or small natural set, realistic materials and proportions, soft studio lighting, warm off-white craft-paper background, subtle shadow, no text, no logos, no watermark, square composition	projects/paper-clips-craft/image/item.png
paper-cutters-craft	PaperCuttersCraft - Premium Paper cutters	Precision Meets Innovation	Paper cutters	A clean premium product catalog photograph of Paper cutters, the actual object clearly visible and centered, single item or small natural set, realistic materials and proportions, soft studio lighting, warm off-white craft-paper background, subtle shadow, no text, no logos, no watermark, square composition	projects/paper-cutters-craft/image/item.png
paper-products-craft	PaperProductsCraft - Premium Paper products	Precision Meets Innovation	Paper products	A clean premium product catalog photograph of Paper products, the actual object clearly visible and centered, single item or small natural set, realistic materials and proportions, soft studio lighting, warm off-white craft-paper background, subtle shadow, no text, no logos, no watermark, square composition	projects/paper-products-craft/image/item.png
paperweights-craft	PaperweightsCraft - Premium Paperweights	Precision Meets Innovation	Paperweights	A clean premium product catalog photograph of Paperweights, the actual object clearly visible and centered, single item or small natural set, realistic materials and proportions, soft studio lighting, warm off-white craft-paper background, subtle shadow, no text, no logos, no watermark, square composition	projects/paperweights-craft/image/item.png
pen-refills-craft	PenRefillsCraft - Premium Pen refills	Precision Meets Innovation	Pen refills	A clean premium product catalog photograph of Pen refills, the actual object clearly visible and centered, single item or small natural set, realistic materials and proportions, soft studio lighting, warm off-white craft-paper background, subtle shadow, no text, no logos, no watermark, square composition	projects/pen-refills-craft/image/item.png
pen-stands-craft	PenStandsCraft - Premium Pen stands	Precision Meets Innovation	Pen stands	A clean premium product catalog photograph of Pen stands, the actual object clearly visible and centered, single item or small natural set, realistic materials and proportions, soft studio lighting, warm off-white craft-paper background, subtle shadow, no text, no logos, no watermark, square composition	projects/pen-stands-craft/image/item.png
pencil-boxes-craft	PencilBoxesCraft - Premium Pencil boxes	Precision Meets Innovation	Pencil boxes	A clean premium product catalog photograph of Pencil boxes, the actual object clearly visible and centered, single item or small natural set, realistic materials and proportions, soft studio lighting, warm off-white craft-paper background, subtle shadow, no text, no logos, no watermark, square composition	projects/pencil-boxes-craft/image/item.png
pencil-cases-craft	PencilCasesCraft - Premium Pencil cases	Precision Meets Innovation	Pencil cases	A clean premium product catalog photograph of Pencil cases, the actual object clearly visible and centered, single item or small natural set, realistic materials and proportions, soft studio lighting, warm off-white craft-paper background, subtle shadow, no text, no logos, no watermark, square composition	projects/pencil-cases-craft/image/item.png
pencil-leads-craft	PencilLeadsCraft - Premium Pencil leads	Precision Meets Innovation	Pencil leads	A clean premium product catalog photograph of Pencil leads, the actual object clearly visible and centered, single item or small natural set, realistic materials and proportions, soft studio lighting, warm off-white craft-paper background, subtle shadow, no text, no logos, no watermark, square composition	projects/pencil-leads-craft/image/item.png
pencil-sharpeners-craft	PencilSharpenersCraft - Premium Pencil sharpeners	Precision Meets Innovation	Pencil sharpeners	A clean premium product catalog photograph of Pencil sharpeners, the actual object clearly visible and centered, single item or small natural set, realistic materials and proportions, soft studio lighting, warm off-white craft-paper background, subtle shadow, no text, no logos, no watermark, square composition	projects/pencil-sharpeners-craft/image/item.png
pencraft	Pencraft - Premium Writing Instruments	Precision Meets Innovation	Writing Instruments	A clean premium product catalog photograph of Writing Instruments, the actual object clearly visible and centered, single item or small natural set, realistic materials and proportions, soft studio lighting, warm off-white craft-paper background, subtle shadow, no text, no logos, no watermark, square composition	projects/pencraft/image/item.png
permanentmarkercraft	PermanentMarkerCraft - Premium Permanent Markers	Made To Meets Last	Permanent Markers	A clean premium product catalog photograph of Permanent Markers, the actual object clearly visible and centered, single item or small natural set, realistic materials and proportions, soft studio lighting, warm off-white craft-paper background, subtle shadow, no text, no logos, no watermark, square composition	projects/permanentmarkercraft/image/item.png
personalized-diaries-craft	PersonalizedDiariesCraft - Premium Personalized diaries	Precision Meets Innovation	Personalized diaries	A clean premium product catalog photograph of Personalized diaries, the actual object clearly visible and centered, single item or small natural set, realistic materials and proportions, soft studio lighting, warm off-white craft-paper background, subtle shadow, no text, no logos, no watermark, square composition	projects/personalized-diaries-craft/image/item.png
pocket-notebooks-craft	PocketNotebooksCraft - Premium Pocket notebooks	Precision Meets Innovation	Pocket notebooks	A clean premium product catalog photograph of Pocket notebooks, the actual object clearly visible and centered, single item or small natural set, realistic materials and proportions, soft studio lighting, warm off-white craft-paper background, subtle shadow, no text, no logos, no watermark, square composition	projects/pocket-notebooks-craft/image/item.png
printer-paper-craft	PrinterPaperCraft - Premium Printer paper	Precision Meets Innovation	Printer paper	A clean premium product catalog photograph of Printer paper, the actual object clearly visible and centered, single item or small natural set, realistic materials and proportions, soft studio lighting, warm off-white craft-paper background, subtle shadow, no text, no logos, no watermark, square composition	projects/printer-paper-craft/image/item.png
protractors-craft	ProtractorsCraft - Premium Protractors	Precision Meets Innovation	Protractors	A clean premium product catalog photograph of Protractors, the actual object clearly visible and centered, single item or small natural set, realistic materials and proportions, soft studio lighting, warm off-white craft-paper background, subtle shadow, no text, no logos, no watermark, square composition	projects/protractors-craft/image/item.png
push-pins-craft	PushPinsCraft - Premium Push pins	Precision Meets Innovation	Push pins	A clean premium product catalog photograph of Push pins, the actual object clearly visible and centered, single item or small natural set, realistic materials and proportions, soft studio lighting, warm off-white craft-paper background, subtle shadow, no text, no logos, no watermark, square composition	projects/push-pins-craft/image/item.png
receipt-books-craft	ReceiptBooksCraft - Premium Receipt books	Precision Meets Innovation	Receipt books	A clean premium product catalog photograph of Receipt books, the actual object clearly visible and centered, single item or small natural set, realistic materials and proportions, soft studio lighting, warm off-white craft-paper background, subtle shadow, no text, no logos, no watermark, square composition	projects/receipt-books-craft/image/item.png
ribbons-craft	RibbonsCraft - Premium Ribbons	Precision Meets Innovation	Ribbons	A clean premium product catalog photograph of Ribbons, the actual object clearly visible and centered, single item or small natural set, realistic materials and proportions, soft studio lighting, warm off-white craft-paper background, subtle shadow, no text, no logos, no watermark, square composition	projects/ribbons-craft/image/item.png
ring-binders-craft	RingBindersCraft - Premium Ring binders	Precision Meets Innovation	Ring binders	A clean premium product catalog photograph of Ring binders, the actual object clearly visible and centered, single item or small natural set, realistic materials and proportions, soft studio lighting, warm off-white craft-paper background, subtle shadow, no text, no logos, no watermark, square composition	projects/ring-binders-craft/image/item.png
rollerballcraft	RollerballCraft - Premium Rollerball Pens	Flow Meets Meets Focus	Rollerball Pens	A clean premium product catalog photograph of Rollerball Pens, the actual object clearly visible and centered, single item or small natural set, realistic materials and proportions, soft studio lighting, warm off-white craft-paper background, subtle shadow, no text, no logos, no watermark, square composition	projects/rollerballcraft/image/item.png
rubber-bands-craft	RubberBandsCraft - Premium Rubber bands	Precision Meets Innovation	Rubber bands	A clean premium product catalog photograph of Rubber bands, the actual object clearly visible and centered, single item or small natural set, realistic materials and proportions, soft studio lighting, warm off-white craft-paper background, subtle shadow, no text, no logos, no watermark, square composition	projects/rubber-bands-craft/image/item.png
rubber-stamps-craft	RubberStampsCraft - Premium Rubber stamps	Precision Meets Innovation	Rubber stamps	A clean premium product catalog photograph of Rubber stamps, the actual object clearly visible and centered, single item or small natural set, realistic materials and proportions, soft studio lighting, warm off-white craft-paper background, subtle shadow, no text, no logos, no watermark, square composition	projects/rubber-stamps-craft/image/item.png
rulers-craft	RulersCraft - Premium Rulers	Precision Meets Innovation	Rulers	A clean premium product catalog photograph of Rulers, the actual object clearly visible and centered, single item or small natural set, realistic materials and proportions, soft studio lighting, warm off-white craft-paper background, subtle shadow, no text, no logos, no watermark, square composition	projects/rulers-craft/image/item.png
school-bags-craft	SchoolBagsCraft - Premium School bags	Precision Meets Innovation	School bags	A clean premium product catalog photograph of School bags, the actual object clearly visible and centered, single item or small natural set, realistic materials and proportions, soft studio lighting, warm off-white craft-paper background, subtle shadow, no text, no logos, no watermark, square composition	projects/school-bags-craft/image/item.png
scissors-craft	ScissorsCraft - Premium Scissors	Precision Meets Innovation	Scissors	A clean premium product catalog photograph of Scissors, the actual object clearly visible and centered, single item or small natural set, realistic materials and proportions, soft studio lighting, warm off-white craft-paper background, subtle shadow, no text, no logos, no watermark, square composition	projects/scissors-craft/image/item.png
scissors-holders-craft	ScissorsHoldersCraft - Premium Scissors holders	Precision Meets Innovation	Scissors holders	A clean premium product catalog photograph of Scissors holders, the actual object clearly visible and centered, single item or small natural set, realistic materials and proportions, soft studio lighting, warm off-white craft-paper background, subtle shadow, no text, no logos, no watermark, square composition	projects/scissors-holders-craft/image/item.png
set-squares-craft	SetSquaresCraft - Premium Set squares	Precision Meets Innovation	Set squares	A clean premium product catalog photograph of Set squares, the actual object clearly visible and centered, single item or small natural set, realistic materials and proportions, soft studio lighting, warm off-white craft-paper background, subtle shadow, no text, no logos, no watermark, square composition	projects/set-squares-craft/image/item.png
shipping-labels-craft	ShippingLabelsCraft - Premium Shipping labels	Precision Meets Innovation	Shipping labels	A clean premium product catalog photograph of Shipping labels, the actual object clearly visible and centered, single item or small natural set, realistic materials and proportions, soft studio lighting, warm off-white craft-paper background, subtle shadow, no text, no logos, no watermark, square composition	projects/shipping-labels-craft/image/item.png
sketchbooks-craft	SketchbooksCraft - Premium Sketchbooks	Precision Meets Innovation	Sketchbooks	A clean premium product catalog photograph of Sketchbooks, the actual object clearly visible and centered, single item or small natural set, realistic materials and proportions, soft studio lighting, warm off-white craft-paper background, subtle shadow, no text, no logos, no watermark, square composition	projects/sketchbooks-craft/image/item.png
soft-pastels-craft	SoftPastelsCraft - Premium Soft pastels	Precision Meets Innovation	Soft pastels	A clean premium product catalog photograph of Soft pastels, the actual object clearly visible and centered, single item or small natural set, realistic materials and proportions, soft studio lighting, warm off-white craft-paper background, subtle shadow, no text, no logos, no watermark, square composition	projects/soft-pastels-craft/image/item.png
softcover-notebooks-craft	SoftcoverNotebooksCraft - Premium Softcover notebooks	Precision Meets Innovation	Softcover notebooks	A clean premium product catalog photograph of Softcover notebooks, the actual object clearly visible and centered, single item or small natural set, realistic materials and proportions, soft studio lighting, warm off-white craft-paper background, subtle shadow, no text, no logos, no watermark, square composition	projects/softcover-notebooks-craft/image/item.png
spiral-notebooks-craft	SpiralNotebooksCraft - Premium Spiral notebooks	Precision Meets Innovation	Spiral notebooks	A clean premium product catalog photograph of Spiral notebooks, the actual object clearly visible and centered, single item or small natural set, realistic materials and proportions, soft studio lighting, warm off-white craft-paper background, subtle shadow, no text, no logos, no watermark, square composition	projects/spiral-notebooks-craft/image/item.png
stamp-ink-craft	StampInkCraft - Premium Stamp ink	Precision Meets Innovation	Stamp ink	A clean premium product catalog photograph of Stamp ink, the actual object clearly visible and centered, single item or small natural set, realistic materials and proportions, soft studio lighting, warm off-white craft-paper background, subtle shadow, no text, no logos, no watermark, square composition	projects/stamp-ink-craft/image/item.png
stamp-pads-craft	StampPadsCraft - Premium Stamp pads	Precision Meets Innovation	Stamp pads	A clean premium product catalog photograph of Stamp pads, the actual object clearly visible and centered, single item or small natural set, realistic materials and proportions, soft studio lighting, warm off-white craft-paper background, subtle shadow, no text, no logos, no watermark, square composition	projects/stamp-pads-craft/image/item.png
staple-removers-craft	StapleRemoversCraft - Premium Staple removers	Precision Meets Innovation	Staple removers	A clean premium product catalog photograph of Staple removers, the actual object clearly visible and centered, single item or small natural set, realistic materials and proportions, soft studio lighting, warm off-white craft-paper background, subtle shadow, no text, no logos, no watermark, square composition	projects/staple-removers-craft/image/item.png
staplers-craft	StaplersCraft - Premium Staplers	Precision Meets Innovation	Staplers	A clean premium product catalog photograph of Staplers, the actual object clearly visible and centered, single item or small natural set, realistic materials and proportions, soft studio lighting, warm off-white craft-paper background, subtle shadow, no text, no logos, no watermark, square composition	projects/staplers-craft/image/item.png
staples-craft	StaplesCraft - Premium Staples	Precision Meets Innovation	Staples	A clean premium product catalog photograph of Staples, the actual object clearly visible and centered, single item or small natural set, realistic materials and proportions, soft studio lighting, warm off-white craft-paper background, subtle shadow, no text, no logos, no watermark, square composition	projects/staples-craft/image/item.png
stationery-gift-sets-craft	StationeryGiftSetsCraft - Premium Stationery gift sets	Precision Meets Innovation	Stationery gift sets	A clean premium product catalog photograph of Stationery gift sets, the actual object clearly visible and centered, single item or small natural set, realistic materials and proportions, soft studio lighting, warm off-white craft-paper background, subtle shadow, no text, no logos, no watermark, square composition	projects/stationery-gift-sets-craft/image/item.png
steel-rulers-craft	SteelRulersCraft - Premium Steel rulers	Precision Meets Innovation	Steel rulers	A clean premium product catalog photograph of Steel rulers, the actual object clearly visible and centered, single item or small natural set, realistic materials and proportions, soft studio lighting, warm off-white craft-paper background, subtle shadow, no text, no logos, no watermark, square composition	projects/steel-rulers-craft/image/item.png
stencils-craft	StencilsCraft - Premium Stencils	Precision Meets Innovation	Stencils	A clean premium product catalog photograph of Stencils, the actual object clearly visible and centered, single item or small natural set, realistic materials and proportions, soft studio lighting, warm off-white craft-paper background, subtle shadow, no text, no logos, no watermark, square composition	projects/stencils-craft/image/item.png
sticky-note-holders-craft	StickyNoteHoldersCraft - Premium Sticky-note holders	Precision Meets Innovation	Sticky-note holders	A clean premium product catalog photograph of Sticky-note holders, the actual object clearly visible and centered, single item or small natural set, realistic materials and proportions, soft studio lighting, warm off-white craft-paper background, subtle shadow, no text, no logos, no watermark, square composition	projects/sticky-note-holders-craft/image/item.png
sticky-notes-craft	StickyNotesCraft - Premium Sticky notes	Precision Meets Innovation	Sticky notes	A clean premium product catalog photograph of Sticky notes, the actual object clearly visible and centered, single item or small natural set, realistic materials and proportions, soft studio lighting, warm off-white craft-paper background, subtle shadow, no text, no logos, no watermark, square composition	projects/sticky-notes-craft/image/item.png
tape-dispensers-craft	TapeDispensersCraft - Premium Tape dispensers	Precision Meets Innovation	Tape dispensers	A clean premium product catalog photograph of Tape dispensers, the actual object clearly visible and centered, single item or small natural set, realistic materials and proportions, soft studio lighting, warm off-white craft-paper background, subtle shadow, no text, no logos, no watermark, square composition	projects/tape-dispensers-craft/image/item.png
templates-craft	TemplatesCraft - Premium Templates	Precision Meets Innovation	Templates	A clean premium product catalog photograph of Templates, the actual object clearly visible and centered, single item or small natural set, realistic materials and proportions, soft studio lighting, warm off-white craft-paper background, subtle shadow, no text, no logos, no watermark, square composition	projects/templates-craft/image/item.png
thank-you-cards-craft	ThankYouCardsCraft - Premium Thank-you cards	Precision Meets Innovation	Thank-you cards	A clean premium product catalog photograph of Thank-you cards, the actual object clearly visible and centered, single item or small natural set, realistic materials and proportions, soft studio lighting, warm off-white craft-paper background, subtle shadow, no text, no logos, no watermark, square composition	projects/thank-you-cards-craft/image/item.png
tracing-paper-craft	TracingPaperCraft - Premium Tracing paper	Precision Meets Innovation	Tracing paper	A clean premium product catalog photograph of Tracing paper, the actual object clearly visible and centered, single item or small natural set, realistic materials and proportions, soft studio lighting, warm off-white craft-paper background, subtle shadow, no text, no logos, no watermark, square composition	projects/tracing-paper-craft/image/item.png
utility-knives-craft	UtilityKnivesCraft - Premium Utility knives	Precision Meets Innovation	Utility knives	A clean premium product catalog photograph of Utility knives, the actual object clearly visible and centered, single item or small natural set, realistic materials and proportions, soft studio lighting, warm off-white craft-paper background, subtle shadow, no text, no logos, no watermark, square composition	projects/utility-knives-craft/image/item.png
visitor-books-craft	VisitorBooksCraft - Premium Visitor books	Precision Meets Innovation	Visitor books	A clean premium product catalog photograph of Visitor books, the actual object clearly visible and centered, single item or small natural set, realistic materials and proportions, soft studio lighting, warm off-white craft-paper background, subtle shadow, no text, no logos, no watermark, square composition	projects/visitor-books-craft/image/item.png
washi-tape-craft	WashiTapeCraft - Premium Washi tape	Precision Meets Innovation	Washi tape	A clean premium product catalog photograph of Washi tape, the actual object clearly visible and centered, single item or small natural set, realistic materials and proportions, soft studio lighting, warm off-white craft-paper background, subtle shadow, no text, no logos, no watermark, square composition	projects/washi-tape-craft/image/item.png
watercolor-paper-craft	WatercolorPaperCraft - Premium Watercolor paper	Precision Meets Innovation	Watercolor paper	A clean premium product catalog photograph of Watercolor paper, the actual object clearly visible and centered, single item or small natural set, realistic materials and proportions, soft studio lighting, warm off-white craft-paper background, subtle shadow, no text, no logos, no watermark, square composition	projects/watercolor-paper-craft/image/item.png
watercolors-craft	WatercolorsCraft - Premium Watercolors	Precision Meets Innovation	Watercolors	A clean premium product catalog photograph of Watercolors, the actual object clearly visible and centered, single item or small natural set, realistic materials and proportions, soft studio lighting, warm off-white craft-paper background, subtle shadow, no text, no logos, no watermark, square composition	projects/watercolors-craft/image/item.png
wax-seals-craft	WaxSealsCraft - Premium Wax seals	Precision Meets Innovation	Wax seals	A clean premium product catalog photograph of Wax seals, the actual object clearly visible and centered, single item or small natural set, realistic materials and proportions, soft studio lighting, warm off-white craft-paper background, subtle shadow, no text, no logos, no watermark, square composition	projects/wax-seals-craft/image/item.png
whiteboard-markers-craft	WhiteboardMarkersCraft - Premium Whiteboard markers	Precision Meets Innovation	Whiteboard markers	A clean premium product catalog photograph of Whiteboard markers, the actual object clearly visible and centered, single item or small natural set, realistic materials and proportions, soft studio lighting, warm off-white craft-paper background, subtle shadow, no text, no logos, no watermark, square composition	projects/whiteboard-markers-craft/image/item.png
writing-sets-craft	WritingSetsCraft - Premium Writing sets	Precision Meets Innovation	Writing sets	A clean premium product catalog photograph of Writing sets, the actual object clearly visible and centered, single item or small natural set, realistic materials and proportions, soft studio lighting, warm off-white craft-paper background, subtle shadow, no text, no logos, no watermark, square composition	projects/writing-sets-craft/image/item.png
