project_name	source_repository	source_url
pencraft	rutaabali3/pencraft	https://github.com/rutaabali3/pencraft
ballpointcraft	rutaabali3/ballpointcraft	https://github.com/rutaabali3/ballpointcraft
gelcraft	rutaabali3/gelcraft	https://github.com/rutaabali3/gelcraft
rollerballcraft	rutaabali3/rollerballcraft	https://github.com/rutaabali3/rollerballcraft
fountaincraft	rutaabali3/fountaincraft	https://github.com/rutaabali3/fountaincraft
finelinercraft	rutaabali3/finelinercraft	https://github.com/rutaabali3/finelinercraft
markercraft	rutaabali3/markercraft	https://github.com/rutaabali3/markercraft
highlightercraft	rutaabali3/highlightercraft	https://github.com/rutaabali3/highlightercraft
brushcraft	rutaabali3/brushcraft	https://github.com/rutaabali3/brushcraft
calligraphycraft	rutaabali3/calligraphycraft	https://github.com/rutaabali3/calligraphycraft
permanentmarkercraft	rutaabali3/permanentmarkercraft	https://github.com/rutaabali3/permanentmarkercraft
whiteboard-markers-craft	rutaabali3/whiteboard-markers-craft	https://github.com/rutaabali3/whiteboard-markers-craft
mechanical-pencils-craft	rutaabali3/mechanical-pencils-craft	https://github.com/rutaabali3/mechanical-pencils-craft
graphite-pencils-craft	rutaabali3/graphite-pencils-craft	https://github.com/rutaabali3/graphite-pencils-craft
colored-pencils-craft	rutaabali3/colored-pencils-craft	https://github.com/rutaabali3/colored-pencils-craft
charcoal-pencils-craft	rutaabali3/charcoal-pencils-craft	https://github.com/rutaabali3/charcoal-pencils-craft
carpenter-pencils-craft	rutaabali3/carpenter-pencils-craft	https://github.com/rutaabali3/carpenter-pencils-craft
pencil-leads-craft	rutaabali3/pencil-leads-craft	https://github.com/rutaabali3/pencil-leads-craft
pen-refills-craft	rutaabali3/pen-refills-craft	https://github.com/rutaabali3/pen-refills-craft
pencil-sharpeners-craft	rutaabali3/pencil-sharpeners-craft	https://github.com/rutaabali3/pencil-sharpeners-craft
erasers-craft	rutaabali3/erasers-craft	https://github.com/rutaabali3/erasers-craft
fountain-pen-ink-craft	rutaabali3/fountain-pen-ink-craft	https://github.com/rutaabali3/fountain-pen-ink-craft
drawing-ink-craft	rutaabali3/drawing-ink-craft	https://github.com/rutaabali3/drawing-ink-craft
calligraphy-ink-craft	rutaabali3/calligraphy-ink-craft	https://github.com/rutaabali3/calligraphy-ink-craft
stamp-ink-craft	rutaabali3/stamp-ink-craft	https://github.com/rutaabali3/stamp-ink-craft
ink-cartridges-craft	rutaabali3/ink-cartridges-craft	https://github.com/rutaabali3/ink-cartridges-craft
correction-pens-craft	rutaabali3/correction-pens-craft	https://github.com/rutaabali3/correction-pens-craft
correction-tape-craft	rutaabali3/correction-tape-craft	https://github.com/rutaabali3/correction-tape-craft
correction-fluid-craft	rutaabali3/correction-fluid-craft	https://github.com/rutaabali3/correction-fluid-craft
ink-blotting-paper-craft	rutaabali3/ink-blotting-paper-craft	https://github.com/rutaabali3/ink-blotting-paper-craft
paper-products-craft	rutaabali3/paper-products-craft	https://github.com/rutaabali3/paper-products-craft
notebooks-craft	rutaabali3/notebooks-craft	https://github.com/rutaabali3/notebooks-craft
spiral-notebooks-craft	rutaabali3/spiral-notebooks-craft	https://github.com/rutaabali3/spiral-notebooks-craft
hardcover-notebooks-craft	rutaabali3/hardcover-notebooks-craft	https://github.com/rutaabali3/hardcover-notebooks-craft
softcover-notebooks-craft	rutaabali3/softcover-notebooks-craft	https://github.com/rutaabali3/softcover-notebooks-craft
pocket-notebooks-craft	rutaabali3/pocket-notebooks-craft	https://github.com/rutaabali3/pocket-notebooks-craft
journals-craft	rutaabali3/journals-craft	https://github.com/rutaabali3/journals-craft
diaries-and-planners-craft	rutaabali3/diaries-and-planners-craft	https://github.com/rutaabali3/diaries-and-planners-craft
sketchbooks-craft	rutaabali3/sketchbooks-craft	https://github.com/rutaabali3/sketchbooks-craft
drawing-pads-craft	rutaabali3/drawing-pads-craft	https://github.com/rutaabali3/drawing-pads-craft
watercolor-paper-craft	rutaabali3/watercolor-paper-craft	https://github.com/rutaabali3/watercolor-paper-craft
graph-paper-craft	rutaabali3/graph-paper-craft	https://github.com/rutaabali3/graph-paper-craft
lined-paper-craft	rutaabali3/lined-paper-craft	https://github.com/rutaabali3/lined-paper-craft
blank-paper-craft	rutaabali3/blank-paper-craft	https://github.com/rutaabali3/blank-paper-craft
legal-pads-craft	rutaabali3/legal-pads-craft	https://github.com/rutaabali3/legal-pads-craft
memo-pads-craft	rutaabali3/memo-pads-craft	https://github.com/rutaabali3/memo-pads-craft
sticky-notes-craft	rutaabali3/sticky-notes-craft	https://github.com/rutaabali3/sticky-notes-craft
index-cards-craft	rutaabali3/index-cards-craft	https://github.com/rutaabali3/index-cards-craft
flashcards-craft	rutaabali3/flashcards-craft	https://github.com/rutaabali3/flashcards-craft
printer-paper-craft	rutaabali3/printer-paper-craft	https://github.com/rutaabali3/printer-paper-craft
copy-paper-craft	rutaabali3/copy-paper-craft	https://github.com/rutaabali3/copy-paper-craft
colored-paper-craft	rutaabali3/colored-paper-craft	https://github.com/rutaabali3/colored-paper-craft
tracing-paper-craft	rutaabali3/tracing-paper-craft	https://github.com/rutaabali3/tracing-paper-craft
carbon-paper-craft	rutaabali3/carbon-paper-craft	https://github.com/rutaabali3/carbon-paper-craft
envelopes-craft	rutaabali3/envelopes-craft	https://github.com/rutaabali3/envelopes-craft
letterheads-craft	rutaabali3/letterheads-craft	https://github.com/rutaabali3/letterheads-craft
rulers-craft	rutaabali3/rulers-craft	https://github.com/rutaabali3/rulers-craft
flexible-rulers-craft	rutaabali3/flexible-rulers-craft	https://github.com/rutaabali3/flexible-rulers-craft
steel-rulers-craft	rutaabali3/steel-rulers-craft	https://github.com/rutaabali3/steel-rulers-craft
set-squares-craft	rutaabali3/set-squares-craft	https://github.com/rutaabali3/set-squares-craft
protractors-craft	rutaabali3/protractors-craft	https://github.com/rutaabali3/protractors-craft
compasses-craft	rutaabali3/compasses-craft	https://github.com/rutaabali3/compasses-craft
geometry-sets-craft	rutaabali3/geometry-sets-craft	https://github.com/rutaabali3/geometry-sets-craft
measuring-tapes-craft	rutaabali3/measuring-tapes-craft	https://github.com/rutaabali3/measuring-tapes-craft
stencils-craft	rutaabali3/stencils-craft	https://github.com/rutaabali3/stencils-craft
templates-craft	rutaabali3/templates-craft	https://github.com/rutaabali3/templates-craft
scissors-craft	rutaabali3/scissors-craft	https://github.com/rutaabali3/scissors-craft
craft-scissors-craft	rutaabali3/craft-scissors-craft	https://github.com/rutaabali3/craft-scissors-craft
paper-cutters-craft	rutaabali3/paper-cutters-craft	https://github.com/rutaabali3/paper-cutters-craft
utility-knives-craft	rutaabali3/utility-knives-craft	https://github.com/rutaabali3/utility-knives-craft
glue-sticks-craft	rutaabali3/glue-sticks-craft	https://github.com/rutaabali3/glue-sticks-craft
liquid-glue-craft	rutaabali3/liquid-glue-craft	https://github.com/rutaabali3/liquid-glue-craft
craft-glue-craft	rutaabali3/craft-glue-craft	https://github.com/rutaabali3/craft-glue-craft
double-sided-tape-craft	rutaabali3/double-sided-tape-craft	https://github.com/rutaabali3/double-sided-tape-craft
clear-tape-craft	rutaabali3/clear-tape-craft	https://github.com/rutaabali3/clear-tape-craft
masking-tape-craft	rutaabali3/masking-tape-craft	https://github.com/rutaabali3/masking-tape-craft
washi-tape-craft	rutaabali3/washi-tape-craft	https://github.com/rutaabali3/washi-tape-craft
packing-tape-craft	rutaabali3/packing-tape-craft	https://github.com/rutaabali3/packing-tape-craft
tape-dispensers-craft	rutaabali3/tape-dispensers-craft	https://github.com/rutaabali3/tape-dispensers-craft
files-craft	rutaabali3/files-craft	https://github.com/rutaabali3/files-craft
folders-craft	rutaabali3/folders-craft	https://github.com/rutaabali3/folders-craft
document-folders-craft	rutaabali3/document-folders-craft	https://github.com/rutaabali3/document-folders-craft
expanding-files-craft	rutaabali3/expanding-files-craft	https://github.com/rutaabali3/expanding-files-craft
ring-binders-craft	rutaabali3/ring-binders-craft	https://github.com/rutaabali3/ring-binders-craft
clipboards-craft	rutaabali3/clipboards-craft	https://github.com/rutaabali3/clipboards-craft
lever-arch-files-craft	rutaabali3/lever-arch-files-craft	https://github.com/rutaabali3/lever-arch-files-craft
magazine-holders-craft	rutaabali3/magazine-holders-craft	https://github.com/rutaabali3/magazine-holders-craft
document-wallets-craft	rutaabali3/document-wallets-craft	https://github.com/rutaabali3/document-wallets-craft
file-labels-craft	rutaabali3/file-labels-craft	https://github.com/rutaabali3/file-labels-craft
index-dividers-craft	rutaabali3/index-dividers-craft	https://github.com/rutaabali3/index-dividers-craft
bookmarks-craft	rutaabali3/bookmarks-craft	https://github.com/rutaabali3/bookmarks-craft
paper-clips-craft	rutaabali3/paper-clips-craft	https://github.com/rutaabali3/paper-clips-craft
binder-clips-craft	rutaabali3/binder-clips-craft	https://github.com/rutaabali3/binder-clips-craft
bulldog-clips-craft	rutaabali3/bulldog-clips-craft	https://github.com/rutaabali3/bulldog-clips-craft
push-pins-craft	rutaabali3/push-pins-craft	https://github.com/rutaabali3/push-pins-craft
rubber-bands-craft	rutaabali3/rubber-bands-craft	https://github.com/rutaabali3/rubber-bands-craft
staplers-craft	rutaabali3/staplers-craft	https://github.com/rutaabali3/staplers-craft
staples-craft	rutaabali3/staples-craft	https://github.com/rutaabali3/staples-craft
staple-removers-craft	rutaabali3/staple-removers-craft	https://github.com/rutaabali3/staple-removers-craft
hole-punches-craft	rutaabali3/hole-punches-craft	https://github.com/rutaabali3/hole-punches-craft
desk-accessories-craft	rutaabali3/desk-accessories-craft	https://github.com/rutaabali3/desk-accessories-craft
pencil-cases-craft	rutaabali3/pencil-cases-craft	https://github.com/rutaabali3/pencil-cases-craft
pen-stands-craft	rutaabali3/pen-stands-craft	https://github.com/rutaabali3/pen-stands-craft
desk-organizers-craft	rutaabali3/desk-organizers-craft	https://github.com/rutaabali3/desk-organizers-craft
letter-trays-craft	rutaabali3/letter-trays-craft	https://github.com/rutaabali3/letter-trays-craft
desk-pads-craft	rutaabali3/desk-pads-craft	https://github.com/rutaabali3/desk-pads-craft
mouse-pads-craft	rutaabali3/mouse-pads-craft	https://github.com/rutaabali3/mouse-pads-craft
bookends-craft	rutaabali3/bookends-craft	https://github.com/rutaabali3/bookends-craft
paperweights-craft	rutaabali3/paperweights-craft	https://github.com/rutaabali3/paperweights-craft
calendars-craft	rutaabali3/calendars-craft	https://github.com/rutaabali3/calendars-craft
desk-calendars-craft	rutaabali3/desk-calendars-craft	https://github.com/rutaabali3/desk-calendars-craft
nameplates-craft	rutaabali3/nameplates-craft	https://github.com/rutaabali3/nameplates-craft
sticky-note-holders-craft	rutaabali3/sticky-note-holders-craft	https://github.com/rutaabali3/sticky-note-holders-craft
scissors-holders-craft	rutaabali3/scissors-holders-craft	https://github.com/rutaabali3/scissors-holders-craft
cable-organizers-craft	rutaabali3/cable-organizers-craft	https://github.com/rutaabali3/cable-organizers-craft
crayons-craft	rutaabali3/crayons-craft	https://github.com/rutaabali3/crayons-craft
oil-pastels-craft	rutaabali3/oil-pastels-craft	https://github.com/rutaabali3/oil-pastels-craft
soft-pastels-craft	rutaabali3/soft-pastels-craft	https://github.com/rutaabali3/soft-pastels-craft
oil-paints-craft	rutaabali3/oil-paints-craft	https://github.com/rutaabali3/oil-paints-craft
watercolors-craft	rutaabali3/watercolors-craft	https://github.com/rutaabali3/watercolors-craft
acrylic-paints-craft	rutaabali3/acrylic-paints-craft	https://github.com/rutaabali3/acrylic-paints-craft
paintbrushes-craft	rutaabali3/paintbrushes-craft	https://github.com/rutaabali3/paintbrushes-craft
palettes-craft	rutaabali3/palettes-craft	https://github.com/rutaabali3/palettes-craft
art-markers-craft	rutaabali3/art-markers-craft	https://github.com/rutaabali3/art-markers-craft
drawing-charcoal-craft	rutaabali3/drawing-charcoal-craft	https://github.com/rutaabali3/drawing-charcoal-craft
blending-stumps-craft	rutaabali3/blending-stumps-craft	https://github.com/rutaabali3/blending-stumps-craft
modeling-clay-craft	rutaabali3/modeling-clay-craft	https://github.com/rutaabali3/modeling-clay-craft
craft-paper-craft	rutaabali3/craft-paper-craft	https://github.com/rutaabali3/craft-paper-craft
glitter-craft	rutaabali3/glitter-craft	https://github.com/rutaabali3/glitter-craft
ribbons-craft	rutaabali3/ribbons-craft	https://github.com/rutaabali3/ribbons-craft
art-aprons-craft	rutaabali3/art-aprons-craft	https://github.com/rutaabali3/art-aprons-craft
pencil-boxes-craft	rutaabali3/pencil-boxes-craft	https://github.com/rutaabali3/pencil-boxes-craft
school-bags-craft	rutaabali3/school-bags-craft	https://github.com/rutaabali3/school-bags-craft
lunch-boxes-craft	rutaabali3/lunch-boxes-craft	https://github.com/rutaabali3/lunch-boxes-craft
receipt-books-craft	rutaabali3/receipt-books-craft	https://github.com/rutaabali3/receipt-books-craft
invoice-books-craft	rutaabali3/invoice-books-craft	https://github.com/rutaabali3/invoice-books-craft
order-books-craft	rutaabali3/order-books-craft	https://github.com/rutaabali3/order-books-craft
visitor-books-craft	rutaabali3/visitor-books-craft	https://github.com/rutaabali3/visitor-books-craft
attendance-registers-craft	rutaabali3/attendance-registers-craft	https://github.com/rutaabali3/attendance-registers-craft
logbooks-craft	rutaabali3/logbooks-craft	https://github.com/rutaabali3/logbooks-craft
notepads-craft	rutaabali3/notepads-craft	https://github.com/rutaabali3/notepads-craft
business-card-holders-craft	rutaabali3/business-card-holders-craft	https://github.com/rutaabali3/business-card-holders-craft
mailing-labels-craft	rutaabali3/mailing-labels-craft	https://github.com/rutaabali3/mailing-labels-craft
address-labels-craft	rutaabali3/address-labels-craft	https://github.com/rutaabali3/address-labels-craft
shipping-labels-craft	rutaabali3/shipping-labels-craft	https://github.com/rutaabali3/shipping-labels-craft
packing-envelopes-craft	rutaabali3/packing-envelopes-craft	https://github.com/rutaabali3/packing-envelopes-craft
document-bags-craft	rutaabali3/document-bags-craft	https://github.com/rutaabali3/document-bags-craft
rubber-stamps-craft	rutaabali3/rubber-stamps-craft	https://github.com/rutaabali3/rubber-stamps-craft
stamp-pads-craft	rutaabali3/stamp-pads-craft	https://github.com/rutaabali3/stamp-pads-craft
gift-pens-craft	rutaabali3/gift-pens-craft	https://github.com/rutaabali3/gift-pens-craft
executive-notebooks-craft	rutaabali3/executive-notebooks-craft	https://github.com/rutaabali3/executive-notebooks-craft
leather-journals-craft	rutaabali3/leather-journals-craft	https://github.com/rutaabali3/leather-journals-craft
personalized-diaries-craft	rutaabali3/personalized-diaries-craft	https://github.com/rutaabali3/personalized-diaries-craft
stationery-gift-sets-craft	rutaabali3/stationery-gift-sets-craft	https://github.com/rutaabali3/stationery-gift-sets-craft
writing-sets-craft	rutaabali3/writing-sets-craft	https://github.com/rutaabali3/writing-sets-craft
calligraphy-sets-craft	rutaabali3/calligraphy-sets-craft	https://github.com/rutaabali3/calligraphy-sets-craft
desk-gift-sets-craft	rutaabali3/desk-gift-sets-craft	https://github.com/rutaabali3/desk-gift-sets-craft
letter-writing-sets-craft	rutaabali3/letter-writing-sets-craft	https://github.com/rutaabali3/letter-writing-sets-craft
wax-seals-craft	rutaabali3/wax-seals-craft	https://github.com/rutaabali3/wax-seals-craft
greeting-cards-craft	rutaabali3/greeting-cards-craft	https://github.com/rutaabali3/greeting-cards-craft
thank-you-cards-craft	rutaabali3/thank-you-cards-craft	https://github.com/rutaabali3/thank-you-cards-craft
invitation-cards-craft	rutaabali3/invitation-cards-craft	https://github.com/rutaabali3/invitation-cards-craft
gift-tags-craft	rutaabali3/gift-tags-craft	https://github.com/rutaabali3/gift-tags-craft
